{
  "accuracy": 0.8941666666666667,
  "num_frames": 1200,
  "per_class": {
    "construction_zone": {
      "precision": 0.9505208333333334,
      "recall": 0.9125,
      "f1": 0.9311224489795918,
      "support": 400
    },
    "emergency_vehicle": {
      "precision": 0.9601990049751243,
      "recall": 0.965,
      "f1": 0.9625935162094762,
      "support": 400
    },
    "lane_blockage": {
      "precision": 0.9817073170731707,
      "recall": 0.805,
      "f1": 0.8846153846153847,
      "support": 400
    },
    "normal": {
      "precision": 0.0,
      "recall": 0.0,
      "f1": 0.0,
      "support": 0
    }
  },
  "confusion_matrix": [
    [
      365,
      11,
      4,
      20
    ],
    [
      5,
      386,
      2,
      7
    ],
    [
      14,
      5,
      322,
      59
    ],
    [
      0,
      0,
      0,
      0
    ]
  ],
  "categories": [
    "construction_zone",
    "emergency_vehicle",
    "lane_blockage",
    "normal"
  ],
  "similarity_distributions": {
    "construction_zone": {
      "mean": 0.1359688639640808,
      "std": 0.11796396225690842,
      "max_correct": 0.30670928955078125
    },
    "emergency_vehicle": {
      "mean": 0.12862463295459747,
      "std": 0.12589509785175323,
      "max_correct": 0.3261547386646271
    },
    "lane_blockage": {
      "mean": 0.13630586862564087,
      "std": 0.10338354855775833,
      "max_correct": 0.2661381661891937
    }
  }
}